stock name,last traded price,haircut percentage,post haircut value
AARTIPHARM,713.45,0.2,570760.0000000001
DEEPAKNTR,1933.9,0.2,1547120.0000000002
TVSSCS,112.74,0.2,90192.0
NFL,81.67,0.2066,64796.977999999996
MARUTI,11855.0,0.09,10788050.000000002
HYUNDAI,1653.9,0.2,1323120.0000000002
SWANENERGY,413.95,0.2325,317706.625
RAJESHEXPO,191.59,0.2,153272.00000000003
BLUESTARCO,2023.6,0.2,1618880.0
SGBJAN29IX,8728.23,0.1,7855407.0
BECTORFOOD,1586.4,0.2,1269120.0000000002
INDIAGLYCO,1376.9,0.2,1101520.0000000002
PGEL,956.0,0.24760000000000001,719294.4
PREMIERENE,929.15,0.2,743320.0
SGBSEP27,8800.0,0.1,7920000.0
SGBNOV25VI,8925.0,0.1,8032500.0
RECLTD,423.3,0.2,338640.00000000006
SGBAUG27,8873.2,0.1,7985880.000000001
SGBMAY26,8990.0,0.1,8091000.0
FLUOROCHEM,3915.5,0.2,3132400.0
GOLDCASE,14.72,0.2,11776.000000000002
PAGEIND,45210.0,0.2,36168000.0
EICHERMOT,5529.0,0.1079,4932420.9
NMDC,65.14,0.2,52112.0
KIRLOSENG,732.7,0.2,586160.0000000001
MOIL,316.4,0.2,253120.0
ANANTRAJ,476.45,0.259,353049.44999999995
ETERNAL,222.23,0.1766,182984.182
LMW,15595.0,0.2,12476000.0
TIINDIA,2570.7,0.2,2056560.0
CHAMBLFERT,664.0,0.2,531200.0
QPOWER,337.25,0.2,269800.0
SGBNOV25,8925.0,0.1,8032500.0
HSCL,449.5,0.2,359600.0
RCF,133.03,0.2073,105452.881
NCC,215.91,0.2,172728.0
IREDA,166.98,0.21280000000000002,131446.656
STOVEKRAFT,659.55,0.2,527640.0
VENUSPIPES,1326.7,0.2,1061360.0000000002
TITAN,3273.4,0.0935,2967337.1
BASF,4543.6,0.2,3634880.0000000005
NIFTYIETF,259.64,0.06,244061.59999999998
HDFCBANK,1864.9,0.09,1697059.0000000002
HINDALCO,617.6,0.1328,535582.72
TRANSRAILL,491.25,0.2,393000.0
LIQUIDBEES,1000.0,0.05,950000.0
TATACONSUM,1103.4,0.09960000000000001,993501.3600000001
SENORES,562.25,0.2,449800.0
SGBMAR30X,8759.38,0.1,7883441.999999999
TANLA,483.5,0.2,386800.0
TORNTPHARM,3221.8,0.2,2577440.0000000005
INOXGREEN,143.02,0.2522,106950.35600000001
YESBANK,17.52,0.2,14016.0
COLPAL,2513.7,0.2,2010960.0
IGIL,339.55,0.2,271640.00000000006
SGBJUN30,8854.88,0.1,7969392.0
SHRIRAMPPS,75.45,0.207,59831.850000000006
SGBOCT25IV,8875.0,0.1,7987500.0
DMART,4212.7,0.2,3370160.0
SANOFI,6183.5,0.2,4946800.0
LAXMIDENTL,413.05,0.2,330440.00000000006
SULA,282.2,0.2,225760.0
ABSLLIQUID,1000.0,0.05,950000.0
INDUSTOWER,380.45,0.2,304360.0
UCOBANK,29.53,0.2,23624.000000000004
DOMS,2628.8,0.2,2103040.0000000005
AADHARHFC,467.7,0.2,374160.0
JUNIORBEES,677.29,0.0732,627712.372
KFINTECH,1007.2,0.21850000000000003,787126.8
FORTIS,669.25,0.2,535400.0
BERGEPAINT,526.4,0.2,421120.0
OIL,365.95,0.2,292760.0
SCHNEIDER,615.35,0.2,492280.00000000006
ITC,420.4,0.09,382563.99999999994
EMAMILTD,604.7,0.2,483760.00000000006
EBBETF0431,1334.58,0.2,1067664.0
DRREDDY,1154.9,0.09,1050959.0
3MINDIA,30385.0,0.2,24308000.0
GUJGASLTD,432.4,0.2,345920.0
CONSUMBEES,122.14,0.2,97712.0
LTF,158.64,0.2,126911.99999999999
ADVENZYMES,288.55,0.2,230840.00000000003
VTL,485.35,0.2,388280.00000000006
ICICIB22,103.6,0.2,82880.0
JYOTHYLAB,371.5,0.2,297200.0
INDIANB,541.25,0.2,433000.0
MANKIND,2426.1,0.2,1940880.0
SARDAEN,485.6,0.205,386052.0
GMDCLTD,287.0,0.20420000000000002,228394.6
SGLTL,140.88,0.2,112704.00000000001
ASTRAL,1294.3,0.2,1035440.0
SONACOMS,462.55,0.2,370040.0
HAVELLS,1571.7,0.2,1257360.0000000002
INTELLECT,751.8,0.20010000000000003,601364.82
WAAREEENER,2218.5,0.2,1774800.0000000002
SAFARI,2114.6,0.2,1691680.0
PFIZER,4197.9,0.2,3358319.9999999995
MCX,5581.5,0.2,4465200.0
GROWWGOLD,91.95,0.2,73560.0
ARVIND,342.55,0.2,274040.0
NORTHARC,193.23,0.2,154584.0
DCBBANK,118.02,0.2,94416.0
RRKABEL,934.2,0.2,747360.0000000001
JSWINFRA,305.0,0.2,244000.0
BIOCON,328.85,0.2,263080.00000000006
BIRLACORPN,1134.1,0.2,907280.0
PIIND,3589.4,0.2,2871520.0000000005
INDUSINDBK,735.9,0.1989,589529.49
TATAPOWER,378.5,0.2,302800.0
BRITANNIA,5391.3,0.2,4313040.0
MSTCLTD,523.1,0.2152,410528.88
SGBNOV258,8860.0,0.1,7974000.0
SGBOCT27VI,8866.82,0.1,7980138.0
BPCL,294.4,0.2,235519.99999999997
SGBDE30III,8907.05,0.1,8016344.999999999
ABB,5246.5,0.2,4197200.0
APTUS,311.5,0.2,249200.00000000003
GOLDBEES,77.66,0.2,62128.0
AFCONS,442.9,0.2,354320.0
CEATLTD,2903.1,0.2,2322480.0
NSLNISP,35.49,0.2,28392.000000000004
SGBOCT25V,9000.0,0.1,8100000.0
MRF,122905.0,0.2,98324000.0
SGBJUN28,8819.42,0.1,7937478.0
SYNGENE,721.4,0.2,577120.0
INOXINDIA,1014.5,0.2,811600.0
ACC,2046.9,0.2,1637520.0000000002
GOLDSHARE,78.6,0.2,62879.99999999999
GRINDWELL,1694.6,0.2,1355680.0
SHREECEM,31125.0,0.2,24900000.0
ITIETF,35.82,0.2,28656.000000000004
PHARMABEES,21.32,0.2,17056.0
CLEAN,1166.2,0.2,932960.0
GRSE,1698.6,0.25989999999999996,1257133.8599999999
HCLTECH,1426.5,0.0998,1284135.2999999998
JUBLPHARMA,919.9,0.2,735920.0000000001
TIMKEN,2545.8,0.2,2036640.0000000002
SGBMAR28X,8802.0,0.1,7921800.0
SGBSEP31II,8878.47,0.1,7990623.0
IIFL,332.4,0.2,265920.0
SBFC,93.91,0.2,75128.0
ARE&M,994.6,0.2,795680.0000000001
ADANIENSOL,887.4,0.24050000000000002,673980.2999999999
KAYNES,5520.9,0.2227,4291395.569999999
STARCEMENT,223.51,0.2,178808.0
SPARC,147.98,0.2,118384.0
SGBJUL25,9010.5,0.1,8109450.0
EXIDEIND,379.7,0.2,303760.0
ABREL,1857.2,0.2,1485760.0000000002
THERMAX,3245.6,0.2,2596480.0
NEXT50IETF,66.16,0.0731,61323.704
GOKEX,838.65,0.2,670920.0000000001
GILLETTE,7969.0,0.2,6375200.000000001
MOTILALOFS,632.05,0.21309999999999998,497360.14499999996
SGBOCT27,8829.0,0.1,7946100.0
JSWSTEEL,1008.0,0.106,901152.0
TDPOWERSYS,431.65,0.20800000000000002,341866.8
BAJAJHLDNG,11826.0,0.2,9460800.000000002
TTML,58.46,0.2143,45932.022000000004
IDEAFORGE,364.35,0.2,291480.0
IOLCP,63.49,0.2,50792.0
M&MFIN,268.05,0.2,214440.00000000003
MOM30IETF,28.09,0.0812,25809.092000000004
KNRCON,232.17,0.2,185736.0
EIEL,212.24,0.2,169792.00000000003
IFCI,42.81,0.252,32021.880000000005
MOBIKWIK,277.85,0.2,222280.00000000003
RAIN,141.61,0.2,113288.00000000001
IRFC,128.27,0.2,102616.00000000001
WIPRO,244.0,0.1139,216208.40000000002
TATATECH,650.45,0.2,520360.0
ATUL,5627.0,0.2,4501600.0
NEWGEN,941.85,0.23809999999999998,717595.5150000001
NIACL,161.33,0.2102,127418.43400000002
INTERARCH,1672.1,0.2,1337680.0
DIVISLAB,5734.5,0.2,4587600.0
MTNL,43.49,0.2801,31308.451
ASTERDM,489.45,0.2,391560.0
JTLIND,80.88,0.2,64703.99999999999
SHARDACROP,550.7,0.2202,429435.86000000004
SGBAPR28I,8973.41,0.1,8076069.0
SWSOLAR,265.6,0.21280000000000002,209080.32000000004
ABSLAMC,629.05,0.2,503240.0
AARTIDRUGS,355.25,0.2,284200.0
BANKBEES,536.28,0.2,429024.0
SGBAUG29V,8900.07,0.1,8010063.0
ABDL,309.3,0.2,247440.00000000003
TRENT,4877.0,0.1684,4055713.2
EBBETF0430,1493.85,0.2,1195080.0
MFSL,1195.3,0.2,956240.0
FINCABLES,895.5,0.2,716400.0000000001
PVRINOX,945.8,0.2,756640.0
TATACHEM,846.9,0.2,677520.0
KAJARIACER,808.0,0.2,646400.0000000001
SILVERBEES,92.22,0.2,73776.0
APLLTD,846.45,0.2,677160.0000000001
CAPLIPOINT,1925.6,0.2,1540480.0
SGBNV29VII,8755.22,0.1,7879697.999999999
POLYCAB,5249.5,0.2,4199600.0
BSOFT,372.05,0.2,297640.00000000006
AJANTPHARM,2623.2,0.2,2098560.0
PVTBANIETF,26.14,0.2,20912.000000000004
ACI,613.25,0.2,490600.0
HONAUT,34140.0,0.2,27312000.0
SIEMENS,2839.5,0.2,2271600.0
HAL,4206.1,0.2,3364880.0000000005
HINDCOPPER,209.69,0.2,167752.0
TRIDENT,26.53,0.2,21224.000000000004
SGBJUN29II,8738.33,0.1,7864497.0
AUBANK,576.0,0.2,460800.0
MOREPENLAB,52.39,0.2217,40775.137
MAZDOCK,2661.3,0.2492,1998104.0400000003
UPL,658.0,0.2,526400.0
SGBJUL27,8772.0,0.1,7894800.0
MARKSANS,211.01,0.2213,164313.487
SAREGAMA,535.95,0.2,428760.00000000006
HCC,25.97,0.2576,19280.127999999997
POLICYBZR,1619.6,0.2,1295680.0
CENTURYPLY,729.4,0.2,583520.0
HDFCLIFE,704.7,0.0959,637119.27
ECLERX,2506.1,0.2,2004880.0
HIKAL,414.6,0.2,331680.00000000006
NAUKRI,6735.5,0.2,5388400.000000001
APARINDS,5056.0,0.205,4019520.0
TRITURBINE,507.35,0.226,392688.9
SOUTHBANK,24.19,0.2,19352.000000000004
ALPHA,44.47,0.09390000000000001,40294.267
HOMEFIRST,1138.1,0.2,910480.0
ALOKINDS,16.05,0.2,12840.000000000002
PNGJL,547.75,0.2,438200.00000000006
LTFOODS,360.5,0.2,288400.00000000006
PEL,987.35,0.2,789880.0000000001
GMMPFAUDLR,1050.0,0.2,840000.0
SUMICHEM,555.25,0.2,444200.00000000006
APLAPOLLO,1564.8,0.2,1251840.0000000002
GOODLUCK,756.9,0.203,603249.2999999999
KTKBANK,182.54,0.2,146032.0
ORIENTCEM,359.15,0.2,287320.0
RAYMOND,1522.2,0.2347,1164939.66
POLYPLEX,1216.3,0.2,973040.0
BOMDYEING,132.39,0.2032,105488.35199999998
GIPCL,184.24,0.2032,146802.432
SGBJUL28IV,8770.0,0.1,7893000.0
TRIVENI,395.75,0.2,316600.0
SGBOCT25,8965.0,0.1,8068500.0
MASTEK,2335.4,0.2,1868320.0000000002
CARTRADE,1546.0,0.22329999999999997,1200778.2000000002
LODHA,1214.0,0.2,971200.0
RADICO,2412.4,0.2,1929920.0
PERSISTENT,4716.0,0.2,3772800.0
RTNINDIA,42.63,0.20829999999999999,33750.171
SGBD29VIII,8836.33,0.1,7952697.0
GODIGIT,289.2,0.2,231360.0
NATCOPHARM,803.95,0.2,643160.0000000001
BANDHANBNK,154.07,0.2,123256.0
SGBAUG28V,8828.2,0.1,7945380.000000001
MGL,1315.6,0.2,1052480.0
MAHABANK,46.03,0.2,36824.00000000001
GODREJIND,1136.1,0.2,908880.0
FEDERALBNK,191.9,0.2,153520.0
LLOYDSENGG,60.09,0.2397,45686.427
SGBMAY25,9195.0,0.1,8275500.0
BHARTIHEXA,1510.1,0.2,1208080.0
HDFCSILVER,92.89,0.2,74312.0
ALKYLAMINE,1770.6,0.2,1416480.0
PETRONET,295.85,0.2,236680.00000000003
ESCORTS,3274.0,0.2,2619200.0000000005
FCL,238.52,0.2,190816.00000000003
SETFNIF50,246.54,0.06,231747.59999999998
SGBN28VIII,8751.42,0.1,7876278.0
LIQUIDBETF,1025.81,0.05,974519.4999999999
NOCIL,183.39,0.2,146712.0
CGPOWER,589.25,0.2,471400.00000000006
PRAKASH,169.02,0.2036,134607.528
CHOLAFIN,1560.3,0.2,1248240.0
M&M,2646.0,0.12369999999999999,2318689.8000000003
UNOMINDA,877.9,0.2,702320.0
JWL,379.85,0.24100000000000002,288306.15
SHRIRAMFIN,672.0,0.1464,573619.2
AWL,280.25,0.2,224200.00000000003
MMTC,52.76,0.2202,41142.248
HBLENGINE,518.9,0.2248,402251.28
ELGIEQUIP,450.95,0.2,360760.0
SWIGGY,334.0,0.2,267200.0
MID150BEES,197.52,0.0706,183575.08800000002
PGHH,14104.0,0.2,11283200.0
SANSERA,1128.1,0.2,902480.0
TVSMOTOR,2586.5,0.2,2069200.0000000002
PNCINFRA,271.35,0.2,217080.00000000003
SDBL,130.26,0.2,104208.0
GAEL,120.2,0.2,96160.00000000001
ITCHOTELS,201.5,0.2,161200.00000000003
SRF,3007.2,0.2,2405759.9999999995
CHALET,830.8,0.2,664640.0
BANKINDIA,111.36,0.2,89088.00000000001
ZYDUSLIFE,883.15,0.2,706520.0
GABRIEL,555.65,0.2,444520.0
CANBK,92.69,0.2,74152.0
KARURVYSYA,211.09,0.2,168872.0
ADANIENT,2418.2,0.204,1924887.2
GODFRYPHLP,7312.0,0.2749,5301931.200000001
SOBHA,1183.9,0.2,947120.0000000001
PGHL,5230.5,0.2,4184400.0000000005
PAYTM,840.15,0.23079999999999998,646243.38
CDSL,1227.4,0.2,981920.0000000001
MUTHOOTFIN,2051.0,0.2,1640800.0000000002
MAHLIFE,313.75,0.2,251000.0
JKTYRE,301.0,0.2,240800.0
UBL,2088.1,0.2,1670480.0
TIPSMUSIC,647.9,0.2,518320.00000000006
COFORGE,6466.0,0.2,5172800.0
AAVAS,2004.8,0.2,1603840.0000000002
ENGINERSIN,169.3,0.20440000000000003,134695.08000000002
AFFLE,1541.4,0.2,1233120.0000000002
VAIBHAVGBL,221.74,0.2,177392.00000000003
WSTCSTPAPR,441.85,0.2,353480.0
KPRMILL,1020.95,0.2,816760.0000000001
LIQUIDSHRI,1048.14,0.05,995733.0000000001
CYIENTDLM,456.2,0.2,364960.00000000006
ONGC,232.69,0.1348,201323.388
HEXT,637.75,0.2,510200.00000000006
GODREJCP,1216.3,0.2,973040.0
ANGELONE,2318.4,0.2163,1816930.0800000003
ZFCVINDIA,13204.0,0.2,10563200.0
HEROMOTOCO,3803.9,0.10060000000000001,3421227.66
IONEXCHANG,510.75,0.2,408600.0
GODREJPROP,2015.6,0.2,1612480.0
RBA,73.31,0.2,58648.0
IGL,178.97,0.2,143176.00000000003
GICRE,411.8,0.20199999999999999,328616.4
APOLLOHOSP,6905.0,0.0916,6272501.999999999
KEC,711.4,0.2,569120.0
SAIL,113.25,0.2,90600.00000000001
SPIC,85.73,0.2,68584.0
LICHSGFIN,587.85,0.2,470280.00000000006
INDIGO,5256.0,0.2,4204800.0
TATASTEEL,136.41,0.1253,119317.827
SGBMAY29I,8739.28,0.1,7865352.000000001
IDBI,80.66,0.2,64528.00000000001
SGBJAN26,8900.0,0.1,8010000.0
ZENSARTECH,652.8,0.2,522240.0
AXISGOLD,78.22,0.2,62576.0
FIEMIND,1405.4,0.2,1124320.0000000002
MEDPLUS,804.2,0.2,643360.0000000001
YATHARTH,484.85,0.2,387880.00000000006
CUB,169.14,0.2,135311.99999999997
FIVESTAR,745.6,0.2,596480.0
UTKARSHBNK,24.2,0.2,19360.0
RVNL,360.8,0.2402,274135.84
BAJAJFINSV,1968.0,0.1018,1767657.6
NEULANDLAB,12660.0,0.2401,9620334.0
BEML,3085.4,0.2205,2405069.3000000003
GPPL,141.43,0.2,113144.0
SUNDARMFIN,4948.8,0.2,3959040.0000000005
EBBETF0425,1290.83,1.0,0.0
RBLBANK,181.29,0.2,145032.0
OLECTRA,1179.9,0.2,943920.0000000001
MINDACORP,508.3,0.2,406640.00000000006
RELIANCE,1240.1,0.09,1128491.0
ANURAS,752.05,0.2,601640.0
AHLUCONT,905.95,0.2,724760.0000000001
SIGNATURE,1130.7,0.2,904560.0000000001
DEEPAKFERT,1263.3,0.214,992953.8
HAPPSTMNDS,572.8,0.2,458240.0
SFL,650.05,0.2,520039.99999999994
WELSPUNLIV,129.74,0.2,103792.00000000001
SUVENPHAR,1184.8,0.2,947840.0
KOTAKBANK,2120.2,0.0947,1919417.0599999998
INFY,1426.0,0.1001,1283257.4
LIQUID,999.99,0.05,949990.5
HDFCLIQUID,1006.9,0.05,956555.0
SHAREINDIA,168.98,0.2,135184.0
LATENTVIEW,386.75,0.2,309400.00000000006
VARROC,421.35,0.2,337080.00000000006
KANSAINER,255.81,0.2,204648.00000000003
SBIN,763.5,0.1033,684630.45
DELTACORP,82.18,0.2,65744.00000000001
LINDEINDIA,6109.5,0.2,4887600.0
CAMLINFINE,168.85,0.2284,130284.66
PRESTIGE,1198.5,0.2,958800.0000000001
GRASIM,2718.6,0.0935,2464410.9
NHPC,85.42,0.2,68336.0
SHILPAMED,655.65,0.20170000000000002,523405.395
TECHM,1301.7,0.1072,1162157.76
SGBDEC2513,8857.0,0.1,7971300.0
REDINGTON,224.68,0.2,179744.00000000003
ALKEM,4920.8,0.2,3936640.0000000005
NTPC,362.5,0.1173,319978.75
JIOFIN,238.57,0.1393,205337.199
PIDILITIND,2991.6,0.2,2393280.0
HERITGFOOD,416.5,0.2,333200.00000000006
RENUKA,28.36,0.2,22688.000000000004
GANECOS,1613.6,0.2,1290880.0
LICI,784.3,0.2,627440.0
PPLPHARMA,222.52,0.2,178016.00000000003
JINDALSAW,257.45,0.2125,202741.875
JBCHEPHARM,1591.5,0.2,1273200.0
UNITDSPR,1501.7,0.2,1201360.0000000002
SGBNOV26,8899.0,0.1,8009100.0
SGBSEP28VI,8740.14,0.1,7866125.999999999
SGBDEC25,8925.0,0.1,8032500.0
JAMNAAUTO,75.6,0.2,60480.0
BAJAJHFL,124.23,0.2,99384.00000000001
CMSINFO,459.8,0.2,367840.00000000006
ARVINDFASN,405.2,0.2,324160.0
SBICARD,882.4,0.2,705920.0000000001
LOWVOLIETF,20.56,0.0617,19291.448
PHOENIXLTD,1548.3,0.2,1238640.0
AUROPHARMA,1134.7,0.2,907760.0000000001
CERA,5664.5,0.2,4531600.0
VPRPL,170.45,0.2143,133922.565
TBOTEK,1096.1,0.2,876880.0
AVANTEL,124.34,0.2,99472.00000000001
HINDUNILVR,2361.5,0.09,2148965.0
LUPIN,2012.8,0.2,1610240.0
ITBEES,35.95,0.2,28760.000000000004
ALPL30IETF,25.99,0.06,24430.6
SETFGOLD,79.97,0.2,63976.0
SUDARSCHEM,1025.3,0.2,820240.0
KSB,729.45,0.2,583560.0000000001
LAURUSLABS,625.15,0.2,500120.0
SUPREMEIND,3378.5,0.2,2702800.0
LTIM,4317.6,0.2,3454080.0000000005
SYMPHONY,1162.7,0.2,930160.0000000001
SGBOCT26,9099.0,0.1,8189100.0
HINDOILEXP,170.84,0.2,136672.0
MON100,167.95,0.09970000000000001,151205.38499999998
VIPIND,275.15,0.2,220120.0
SUPRIYA,732.95,0.23010000000000003,564298.2050000001
PTC,176.18,0.2,140944.00000000003
HDFCAMC,4133.1,0.2,3306480.0000000005
JUSTDIAL,880.2,0.2,704160.0000000001
GOLD1,78.13,0.2,62504.0
ACE,1248.4,0.2,998720.0000000001
SGBJ28VIII,8755.0,0.1,7879500.0
LIQUIDETF,1000.0,0.05,950000.0
UJJIVANSFB,39.75,0.2,31800.0
KALYANKJIL,514.15,0.2072,407618.12
SYRMA,492.45,0.2177,385243.635
BALRAMCHIN,551.2,0.2,440960.00000000006
PATELENG,41.39,0.2,33112.0
TATAELXSI,4931.0,0.2,3944800.0
PROTEAN,1412.6,0.2,1130080.0
SGBMAR31IV,8855.36,0.1,7969824.000000001
DBL,453.1,0.2,362480.0
SGBJAN30IX,8790.0,0.1,7911000.0
PNBHOUSING,970.8,0.2,776640.0
PSUBNKBEES,69.56,0.2,55648.0
ADANIPORTS,1210.8,0.16010000000000002,1016950.9199999999
HINDZINC,433.9,0.2,347120.0
NYKAA,185.86,0.2,148688.00000000003
JISLJALEQS,54.35,0.2214,42316.91
J&KBANK,93.15,0.2,74520.00000000001
SGBSEP29VI,8756.38,0.1,7880741.999999999
KIMS,630.55,0.2,504440.0
VIJAYA,1000.3,0.20989999999999998,790337.03
METROPOLIS,1645.0,0.2,1316000.0
HGINFRA,1084.9,0.2,867920.0000000001
PCBL,427.95,0.2,342360.0
TATACOMM,1591.0,0.2,1272800.0000000002
GROWWLIQID,103.55,0.05,98372.49999999999
ATGL,610.65,0.20920000000000002,482902.01999999996
DATAPATTNS,1878.7,0.21789999999999998,1469331.27
SILVERETF,93.39,0.2,74712.0
RAINBOW,1565.2,0.2,1252160.0
TEXRAIL,138.26,0.2299,106474.026
SUNDRMFAST,917.35,0.2,733880.0000000001
ASHOKLEY,214.95,0.2,171960.0
AMBER,6880.0,0.2223,5350576.0
VESUVIUS,4557.1,0.2,3645680.0000000005
GSPL,314.3,0.2,251440.00000000003
SGBDC27VII,8798.57,0.1,7918713.0
BDL,1404.9,0.203,1119705.3
TATAMOTORS,622.2,0.1288,542060.64
NV20IETF,13.69,0.2,10952.0
SGBNOV25IX,8365.01,0.1,7528509.0
FORCEMOT,8873.5,0.2115,6996754.75
BATAINDIA,1229.8,0.2,983840.0
INFIBEAM,17.42,0.2,13936.000000000002
CSBBANK,331.75,0.2,265400.00000000006
JKCEMENT,5059.4,0.2,4047520.0
WABAG,1442.0,0.21050000000000002,1138459.0
KRN,828.25,0.2009,661854.5750000001
AVANTIFEED,851.55,0.2045,677408.0249999999
JYOTICNC,1062.2,0.2168,831915.04
DAMCAPITAL,218.88,0.2,175104.0
ASHOKA,194.94,0.20600000000000002,154782.36000000002
POLYMED,2242.2,0.2,1793760.0
COROMANDEL,2194.1,0.2,1755280.0
CIEINDIA,411.4,0.2,329120.0
SGBDEC26,8985.0,0.1,8086500.0
GLENMARK,1376.9,0.2,1101520.0000000002
SAMHI,158.78,0.2,127024.0
LT,3257.6,0.1104,2897960.96
STARHEALTH,383.15,0.2,306520.0
AXISBANK,1112.8,0.0942,1007974.2399999999
RAILTEL,306.5,0.2302,235943.7
JSWENERGY,512.6,0.2,410080.00000000006
VMM,107.34,0.2,85872.00000000001
ELECTCAST,98.45,0.2115,77627.825
CAPACITE,370.9,0.2,296719.99999999994
BSE,5958.0,0.2539,4445263.8
IPCALAB,1368.0,0.2,1094400.0
FDC,425.0,0.2,340000.0
CENTRALBK,35.27,0.2002,28208.946000000004
DBREALTY,192.22,0.2576,142704.128
HINDPETRO,379.1,0.2,303280.00000000006
BAJFINANCE,9141.0,0.1051,8180280.9
NLCINDIA,238.93,0.2034,190331.638
SURYAROSNI,257.76,0.2155,202212.72
LTGILTBEES,28.4,0.1,25560.0
KESORAMIND,3.5,1.0,0.0
INGERRAND,3544.8,0.2,2835840.0
ABBOTINDIA,30950.0,0.2,24760000.0
PARADEEP,133.06,0.2119,104864.586
SCI,173.64,0.22039999999999998,135369.744
IOC,132.87,0.2,106296.0
OBEROIRLTY,1624.7,0.2,1299760.0000000002
BALKRISIND,2493.2,0.2,1994560.0
IEX,184.01,0.2,147208.0
NTPCGREEN,98.92,0.2,79136.00000000001
EMBDL,104.44,0.2507,78256.892
ENDURANCE,1920.2,0.2,1536160.0
MIDHANI,279.45,0.2,223560.0
ANUP,3190.6,0.2241,2475586.54
INDHOTEL,836.35,0.2,669080.0
HIMATSEIDE,146.33,0.2278,112996.02600000001
AUTOBEES,216.7,0.2,173360.0
GENESYS,674.45,0.26289999999999997,497137.0950000001
PNB,96.59,0.2,77272.0
FSL,330.15,0.2,264120.0
ULTRACEMCO,11719.0,0.0958,10596319.799999999
ASTRAZEN,8873.5,0.2,7098800.0
PRINCEPIPE,261.46,0.2,209168.0
BANKBARODA,234.95,0.2,187960.0
ICICIGI,1822.6,0.2,1458080.0
GHCL,609.9,0.2,487920.0
SUNPHARMA,1705.0,0.09,1551550.0
APOLLO,117.86,0.2305,90693.27
LIQUIDCASE,108.07,0.05,102666.49999999999
RAMCOCEM,969.3,0.2,775440.0
GLAND,1426.3,0.2,1141040.0
BEL,293.7,0.1478,250291.14
SKIPPER,443.9,0.25579999999999997,330350.37999999995
CONCOR,696.05,0.2,556840.0
GMRAIRPORT,86.03,0.2,68824.0
SGBDEC25XI,9236.0,0.1,8312400.0
INDGN,579.85,0.2,463880.00000000006
SAMMAANCAP,114.63,0.2,91704.00000000001
FMCGIETF,58.92,0.2,47136.0
GAIL,178.99,0.2,143192.0
PATANJALI,1933.3,0.2,1546640.0
CREDITACC,1051.75,0.2,841400.0000000001
DELHIVERY,258.6,0.2,206880.00000000003
ABFRL,263.65,0.2,210920.0
FINPIPE,179.88,0.2,143904.0
SGBJU29III,8739.34,0.1,7865406.0
IOB,35.43,0.20170000000000002,28283.769
TMB,425.05,0.2,340040.0
SCHAEFFLER,3137.6,0.2,2510080.0
ICICIPRULI,567.15,0.2,453720.0
GRWRHITECH,2914.7,0.2957,2052823.2099999995
CHOICEIN,533.65,0.2,426920.0
ISEC,896.2,1.0,0.0
SUZLON,54.37,0.2,43496.0
ABCAPITAL,190.64,0.2,152512.0
UTIAMC,1019.9,0.2,815920.0000000001
TIMETECHNO,358.4,0.21660000000000001,280770.56
BAJAJCON,173.01,0.2,138408.0
MANINFRA,153.01,0.2,122408.0
BALUFORGE,636.0,0.2526,475346.4
DIXON,14931.0,0.2,11944800.000000002
CONCORDBIO,1733.1,0.2,1386480.0
MSUMI,53.05,0.2,42440.0
CYIENT,1186.9,0.2,949520.0000000001
SGBMAY28,9005.29,0.1,8104761.000000001
SHRIPISTON,1847.1,0.2,1477680.0
NATIONALUM,151.42,0.2,121136.0
KSCL,1568.8,0.2,1255040.0
MEDIASSIST,459.75,0.2,367800.0
BHARTIARTL,1798.8,0.09,1636908.0
DALBHARAT,1869.2,0.2,1495360.0000000002
BEPL,110.57,0.2,88456.0
SILVER,95.94,0.2,76752.0
NIVABUPA,74.57,0.2,59656.0
PRAJIND,517.25,0.2,413800.0
MRPL,132.5,0.2057,105244.75
LIQUID1,1045.28,0.05,993016.0
DCW,80.42,0.2113,63427.254
BHARATFORG,1073.1,0.2,858480.0
VEDL,395.8,0.2,316640.00000000006
GPIL,194.27,0.2,155416.00000000003
AMBUJACEM,558.05,0.2,446440.0
VOLTAS,1289.3,0.2,1031440.0
NAM-INDIA,581.25,0.2,465000.0
CANFINHOME,666.5,0.2,533200.0
SILVERIETF,96.08,0.2,76864.0
TATAINVEST,6226.5,0.2,4981200.000000001
MAPMYINDIA,1725.5,0.2,1380400.0
DLF,662.8,0.2,530240.0
AGARWALEYE,410.4,0.2,328320.0
CARBORUNIV,990.9,0.2,792720.0
NESCO,968.8,0.2,775040.0
GOLDETF,91.34,0.2,73072.0
SGBJUN27,8800.0,0.1,7920000.0
MAHSEAMLES,681.1,0.2,544880.0
VBL,550.6,0.2,440480.0
BALAMINES,1281.1,0.2,1024879.9999999999
NAVINFLUOR,4176.9,0.2,3341520.0
SGBJUL29IV,8760.16,0.1,7884144.0
JMFINANCIL,97.56,0.2,78048.0
AZAD,1463.2,0.2,1170560.0000000002
LIQUIDIETF,1000.0,0.05,950000.0
LALPATHLAB,2752.8,0.2,2202240.0000000005
JKPAPER,323.95,0.2,259160.00000000003
EMSLIMITED,662.2,0.201,529097.8
INDIACEM,285.95,0.2,228760.0
BLUEDART,6337.5,0.2,5070000.0
RELIGARE,220.3,0.2,176240.0
HITECH,98.95,0.2,79160.00000000001
MOM100,55.75,0.07429999999999999,51607.774999999994
RALLIS,226.9,0.2,181520.0
EMIL,124.16,0.2,99328.0
FINEORG,4344.7,0.2,3475760.0
CIPLA,1481.8,0.0989,1335249.98
LXCHEM,172.04,0.2,137632.0
LIQUIDPLUS,1027.49,0.05,976115.5
TEJASNET,860.8,0.2245,667550.4
MANAPPURAM,226.03,0.2,180824.0
SAILIFE,771.05,0.2,616840.0
STLTECH,83.96,0.2,67167.99999999999
LIQUIDADD,1067.51,0.05,1014134.4999999999
MAFANG,115.51,0.2,92408.00000000001
TCS,3248.2,0.09,2955862.0
EIDPARRY,842.4,0.2,673920.0000000001
LLOYDSME,1238.4,0.2,990720.0000000001
HUDCO,219.14,0.2231,170249.866
SGBFEB28IX,8688.0,0.1,7819200.0
POWERMECH,2729.5,0.2022,2177595.1
ADANIGREEN,936.65,0.23989999999999997,711947.665
NETWEB,1509.2,0.2151,1184571.0799999998
IDFCFIRSTB,61.93,0.2,49544.00000000001
AWFIS,648.5,0.2,518800.00000000006
BAJAJ-AUTO,7995.5,0.1117,7102402.65
WELENT,505.6,0.2,404480.0
PRICOLLTD,443.25,0.2,354600.0
JKLAKSHMI,828.7,0.2,662960.0
PRSMJOHNSN,134.32,0.2,107456.0
CIGNITITEC,1195.6,0.2,956480.0
GRAVITA,1936.8,0.2441,1464027.1199999999
BHEL,221.8,0.2,177440.00000000003
USHAMART,313.2,0.2,250560.0
BOSCHLTD,27090.0,0.2,21672000.0
BIKAJI,715.4,0.2,572320.0
RATEGAIN,461.15,0.2,368920.0
DABUR,473.75,0.2,379000.0
CHENNPETRO,619.45,0.207,491223.8500000001
EQUITASBNK,58.2,0.2,46560.0
JBMA,625.05,0.2165,489726.67499999993
KRBL,292.8,0.2,234240.0
SENCO,338.6,0.2181,264751.34
NIFTYBEES,260.87,0.06,245217.8
CPSEETF,87.39,0.2,69912.0
KEI,2736.4,0.20489999999999997,2175711.64
ARKADE,163.6,0.2,130880.0
JUBLFOOD,701.0,0.2,560800.0000000001
SBILIFE,1562.6,0.0951,1413996.74
SOLARINDS,11945.0,0.2,9556000.0
PARAGMILK,182.5,0.2,146000.0
ZEEL,107.95,0.21719999999999998,84503.26000000001
SONATSOFTW,333.4,0.2,266719.99999999994
CCL,614.25,0.2,491400.00000000006
OFSS,7796.0,0.2,6236800.0
HEMIPROP,127.41,0.2,101928.0
CUMMINSIND,2920.7,0.2,2336560.0
AJAXENGG,626.9,0.2,501520.0
SGBDE31III,8906.21,0.1,8015588.999999999
NBCC,89.77,0.2116,70774.66799999999
CAMS,3832.9,0.2,3066320.0
INDIGOPNTS,1001.7,0.2,801360.0000000001
SGBOC28VII,8823.31,0.1,7940978.999999999
NAZARA,962.35,0.2,769880.0000000001
STYRENIX,2745.6,0.2,2196480.0
MPHASIS,2269.7,0.2,1815760.0
JUBLINGREA,666.65,0.2,533320.0
SGBAUG30,8855.9,0.1,7970309.999999999
BBTC,1855.8,0.2,1484640.0
NIFTYETF,249.13,0.06,234182.19999999998
BAYERCROP,4798.4,0.2,3838720.0
HFCL,82.52,0.21600000000000003,64695.67999999999
CRISIL,4358.5,0.2,3486800.0
POWERGRID,304.55,0.1121,270409.945
GESHIP,880.1,0.2,704080.0
APOLLOTYRE,439.1,0.2,351280.00000000006
CELLO,545.35,0.2,436280.00000000006
ANANDRATHI,1773.9,0.2,1419120.0000000002
SGBDEC2512,9168.0,0.1,8251200.000000001
EMUDHRA,867.95,0.2,694360.0000000001
SUNTV,685.95,0.2,548760.0000000001
SGBFEB32IV,9029.57,0.1,8126613.0
ITDCEM,532.45,0.2,425960.00000000006
KIRIINDUS,639.5,0.2157,501559.85
RHIM,489.05,0.2,391240.0
ROUTE,980.4,0.2,784320.0
BAJAJHIND,19.12,0.2186,14940.368
AGI,788.45,0.2267,609708.385
BRIGADE,972.65,0.2,778120.0
GULFOILLUB,1170.4,0.2,936320.0000000001
NH,1735.6,0.2,1388480.0
SGBMR29XII,8751.31,0.1,7876179.0
IKS,1416.3,0.2,1133040.0
GILT5YBEES,61.11,0.1,54999.0
GOLDIETF,80.07,0.2,64056.0
ASTRAMICRO,749.15,0.2,599320.0
KIRLOSBROS,1653.2,0.2302,1272633.36
NESTLEIND,2367.9,0.09,2154789.0
UNIONBANK,122.4,0.2,97920.00000000001
PRUDENT,2223.2,0.2407,1688075.7599999998
MOTHERSON,127.63,0.2,102104.0
NAVA,490.65,0.213,386141.55
ERIS,1381.8,0.2,1105440.0
EIHOTEL,369.25,0.2,295400.00000000006
TITAGARH,790.15,0.2155,619872.6749999999
CHOLAHLDNG,1813.6,0.2,1450880.0
DEVYANI,163.71,0.2,130968.00000000001
EPIGRAL,1835.7,0.2173,1436802.3900000001
SKFINDIA,3870.2,0.2,3096160.0
SGBJUN31I,8876.86,0.1,7989174.000000001
TATAGOLD,9.15,0.2,7320.0
METROBRAND,1093.2,0.2,874560.0000000001
TORNTPOWER,1623.6,0.2,1298880.0
IRCON,158.31,0.2332,121392.10800000001
POONAWALLA,382.25,0.2,305800.0
LEMONTREE,142.26,0.2,113808.0
JINDALSTEL,845.15,0.2,676120.0
360ONE,938.7,0.2,750960.0
BLS,386.05,0.207,306137.65
INDIAMART,2134.9,0.2,1707920.0
VGUARD,363.9,0.2,291120.0
QUESS,298.2,1.0,0.0
MANYAVAR,791.75,0.2,633400.0000000001
DYNAMATECH,6424.5,0.2,5139600.0
CESC,156.98,0.2,125584.0
SJS,919.6,0.2,735680.0000000001
VENKEYS,1692.4,0.2,1353920.0
ADANIPOWER,542.2,0.20170000000000002,432838.26000000007
OLAELEC,50.27,0.2006,40185.838
LUXIND,1435.5,0.2,1148400.0
GSFC,185.94,0.2,148752.0
COALINDIA,395.25,0.1184,348452.39999999997
SUNTECK,394.55,0.2,315640.00000000006
MEDANTA,1275.4,0.2,1020320.0000000001
AEGISLOG,766.05,0.2386,583270.47
GLAXO,2878.2,0.2,2302560.0
VSTIND,289.15,0.2,231320.0
ASAHIINDIA,672.15,0.2,537720.0
PFC,425.55,0.2,340440.00000000006
CRAFTSMAN,4609.1,0.2,3687280.0000000005
QUADFUTURE,521.85,0.2529,389874.135
LIQUIDSBI,1000.0,0.05,950000.0
SGBFEB29XI,8750.01,0.1,7875009.0
KCP,207.62,0.2,166096.0
SGBJAN27,8800.0,0.1,7920000.0
SAPPHIRE,307.85,0.2,246280.00000000003
SHYAMMETL,875.5,0.2,700400.0000000001
INOXWIND,161.33,0.24050000000000002,122530.135
CROMPTON,335.6,0.2,268480.0
AUTOIETF,21.67,0.2,17336.000000000004
JPPOWER,15.26,0.2043,12142.382
HEG,474.6,0.2054,377117.16000000003
EBBETF0433,1222.02,0.2,977616.0
SETFNIFBK,532.01,0.2,425608.0
WELCORP,776.9,0.2,621520.0
HDFCGOLD,80.26,0.2,64208.000000000015
CAMPUS,234.75,0.2,187800.0
AMIORG,2352.2,0.2069,1865529.82
FIRSTCRY,338.45,0.2,270760.0
TECHNOE,1024.2,0.2139,805123.6200000001
JSL,557.8,0.2,446240.0
SGBFEB27,8753.01,0.1,7877709.000000001
GREAVESCOT,191.81,0.2296,147770.424
MOL,74.0,0.2,59200.0
EASEMYTRIP,13.33,0.2,10664.000000000002
ELECON,463.15,0.218,362183.3
MTARTECH,1371.0,0.2,1096800.0
KPIL,938.9,0.2,751120.0
AARTIIND,398.35,0.2,318680.00000000006
NETWORK18,43.76,0.20370000000000002,34846.088
VOLTAMP,7292.5,0.22469999999999998,5653875.25
IRCTC,754.5,0.2,603600.0
BANKIETF,53.31,0.2,42648.0
FACT,672.45,0.23420000000000002,514962.21
NUVAMA,5705.5,0.2003,4562688.35
RKFORGE,760.25,0.2,608200.0
UNIMECH,995.05,0.2,796040.0
SGBJAN29X,8730.89,0.1,7857800.999999999
GNFC,491.25,0.2,393000.0
ETHOSLTD,2642.4,0.2,2113920.0
KPITTECH,1151.8,0.2,921440.0
DCMSHRIRAM,1058.4,0.2,846720.0000000001
LTTS,4354.0,0.2,3483200.0000000005
GRAPHITE,468.45,0.2,374760.0
MAXHEALTH,1074.1,0.2,859280.0
GODREJAGRO,778.1,0.2,622480.0
JKIL,711.2,0.2,568960.0
IDEA,7.32,0.2546,5456.328000000001
SJVN,94.11,0.2,75288.0
AIAENG,3174.0,0.2,2539200.0000000005
ALLCARGO,28.59,0.2,22872.0
RITES,232.01,0.2,185608.0
EPL,190.27,0.2,152216.0
MARICO,711.85,0.2,569480.0
GRANULES,464.4,0.2,371520.0
ICICIBANK,1350.2,0.09,1228682.0
AXITA,10.01,0.2,8008.000000000001
HDFCSML250,153.13,0.07919999999999999,141002.104
ZENTEC,1495.8,0.24739999999999998,1125739.08
ASIANPAINT,2415.7,0.09,2198287.0
RIIL,823.45,0.2,658760.0000000001
BALMLAWRIE,189.68,0.2,151744.0
CASTROLIND,203.9,0.2,163120.0
IRB,46.3,0.2,37040.0
